-- phpMyAdmin SQL Dump
-- version 4.9.7
-- https://www.phpmyadmin.net/
--
-- Host: localhost
-- Generation Time: Jul 18, 2022 at 12:28 AM
-- Server version: 10.3.32-MariaDB
-- PHP Version: 7.4.28

SET SQL_MODE = "NO_AUTO_VALUE_ON_ZERO";
SET AUTOCOMMIT = 0;
START TRANSACTION;
SET time_zone = "+00:00";


/*!40101 SET @OLD_CHARACTER_SET_CLIENT=@@CHARACTER_SET_CLIENT */;
/*!40101 SET @OLD_CHARACTER_SET_RESULTS=@@CHARACTER_SET_RESULTS */;
/*!40101 SET @OLD_COLLATION_CONNECTION=@@COLLATION_CONNECTION */;
/*!40101 SET NAMES utf8mb4 */;

--
-- Database: `test`
--

-- --------------------------------------------------------

--
-- Table structure for table `orders`
--

CREATE TABLE `orders` (
  `id` int(11) NOT NULL,
  `userId` int(11) DEFAULT NULL
) ENGINE=InnoDB DEFAULT CHARSET=utf8;

--
-- Dumping data for table `orders`
--

INSERT INTO `orders` (`id`, `userId`) VALUES
(3, 1),
(4, 1),
(7, 1),
(12, 1),
(15, 1),
(30, 1),
(36, 1),
(37, 1),
(45, 1),
(54, 1),
(5, 2),
(20, 2),
(39, 2),
(8, 3),
(16, 3),
(22, 3),
(46, 3),
(1, 4),
(9, 4),
(24, 4),
(33, 4),
(40, 4),
(44, 4),
(47, 4),
(48, 4),
(11, 5),
(19, 5),
(26, 5),
(32, 5),
(35, 5),
(27, 6),
(28, 6),
(29, 6),
(52, 6),
(53, 6),
(13, 7),
(25, 7),
(42, 7),
(14, 8),
(23, 8),
(41, 8),
(2, 9),
(10, 9),
(21, 9),
(34, 9),
(43, 9),
(49, 9),
(6, 10),
(17, 10),
(18, 10),
(31, 10),
(38, 10),
(50, 10),
(51, 10),
(55, 10);

-- --------------------------------------------------------

--
-- Table structure for table `products`
--

CREATE TABLE `products` (
  `id` int(11) NOT NULL,
  `type` varchar(100) NOT NULL,
  `name` varchar(50) NOT NULL,
  `description` varchar(300) NOT NULL,
  `price` int(11) NOT NULL DEFAULT 1
) ENGINE=InnoDB DEFAULT CHARSET=utf8;

--
-- Dumping data for table `products`
--

INSERT INTO `products` (`id`, `type`, `name`, `description`, `price`) VALUES
(1, 'diary', '사계절 먼슬리 다이어리', '계절마다, 그리고 매월 다른 속지', 1500),
(2, 'sticker', '검은 고양이 스티커', '귀여운 검은 고양이 스티커 입니다.', 2000),
(3, 'note', '사계절 인덱스&하이퍼링크 노트', '사계절을 담은 감성적인 사진들에 실제 질감을 입혀 퀄리티를 더했어요.', 1000),
(4, 'sticker', '흑호랑이 베호 ver.2', '아기 백호랑이 베호작고 귀여운 맹수들과 함께 만들어나가요', 0),
(5, 'diary', 'Today I am 1칸일기', '오늘 나의 기분, 나의 하루를 부담없이 한줄씩 기록 할 수 있는 속지', 3000),
(6, 'brush', '색연필 브러쉬+컬러링도안+컬러팔레트 세트', '색연필 브러쉬 2종과 컬리링도안, 컬러팔레트를 한번에!', 0),
(7, 'diary', '어도러블 프렌즈 먼슬리 다이어리', '사랑스러운 어도러블 프렌즈가 담긴 먼슬리 다이어리', 2000),
(8, 'brush', 'Aurora brush 08', '뽀송뽀송한 코튼마카와 스티커 제공', 3000),
(9, 'brush', '프로크리에이트 PRO 브러쉬 세트 (캘리 전용)', '한글 캘리그라피? 영문 캘리그라피? 이 브러쉬 세트로 한방에 끝내보아요!', 0),
(10, 'sticker', '깨부네 간식시간 스티커', '깨부네와 함께하는 간식시간! 달콤한 하루를 기록해봐요 :)', 5000),
(11, 'note', '해바라기 노트패드 4종 세트', '해바라기 위에 드러누운 귀여운 맷과 도톨을 노트패드에서 만나보세요!', 10000),
(12, 'sticker', '날씨 스키커', '오늘 하루의 기분을 날씨 스티커로 표현', 3500),
(13, 'note', '젤리 노트패드 set', '귀여운 두둥이와 함께하는 \'노트 필기\'', 700),
(14, 'brush', '프로크리에이트 문구 브러시 팩', '연필부터 볼펜, 젤리롤, 매직, 다이소 브러시까지 만날 수 있어요!', 1500),
(15, 'diary', '원페이퍼 플래너', '중요한 계획을 한장의 플래너로 정리', 6000),
(16, 'brush', '수채화 브러쉬+컬러팔레트 세트', '가볍게 쓰기 좋은 수채화 브러쉬와 컬러 팔레트', 8500),
(17, 'note', '나의 영감 노트(작가노트, 굿노트)', '창작에는 영감이 필요하니까! 매 페이지 마다 새로운 단어와 사진으로 간단한 주제를 줄게요', 900),
(18, 'brush', '프로크리에이트 종이질감 + 팔레트', '브러쉬로 종이질감 뿐만 아니라 효과를(곱하기,오버레이 등)통해서 다양한 질감을 표현해볼 수 있어요:)', 2000),
(19, 'diary', '월마다 바꿔쓰는 먼슬리 플래너 컬러 12종', '월마다 다른 컬러로 즐길 수 있는 나만의 먼슬리 플래너', 1600),
(20, 'sticker', '두 잇 유어셀프', '몽글몽글 색연필의 느낌을 담아 만들어진 스티커 세트', 0),
(21, 'note', '모둠 과일토끼 필기노트 속지 9종', '선 없이 심플하게 내 마음대로 쓸 수 있는 무선 노트', 2600),
(22, 'diary', '꼼꼼계획 먼슬리 플래너', '이제 자격증을 준비한다면, 수험생이 되셨다면, 취업공부를 시작했다면 꼼꼼하게 계획을 세우고 실천해봐요', 4300),
(23, 'sticker', '겨울일상', '기여미 친구들의 혼혼한 겨울이야기', 6000),
(24, 'diary', '업무용 다이어리', '일정/업무 카테고리 분류, 일주일 전체 일정을 조망하는 위클리!', 400),
(25, 'brush', '프로크리에이트 붓펜 브러쉬 세트(캘리전용)', '캘리그라피 전용 브러쉬로 오프라인에서 쓰던 붓펜을 그대로 재현해 냈습니다.!', 3000),
(26, 'note', '영화 리뷰 저널 (핑크)', '120개 영화를 하이퍼링크 인덱스와 스티커로 센스있게 정리할 수 있는 무비 저널입니다.', 1000),
(27, 'sticker', '즐거운 하루', '소소한 일상에서 자주 쓸 수 있는 스티커 모음', 0),
(28, 'note', '후르츠 반반노트 가로세로 하프 분할 12탭 인덱스북 포함', '링크 없는 속지와 6색 커버로 나만의 노트를 만드세요.', 0);

-- --------------------------------------------------------

--
-- Table structure for table `sales`
--

CREATE TABLE `sales` (
  `id` int(11) NOT NULL,
  `ordersId` int(11) DEFAULT NULL,
  `productsId` int(11) DEFAULT NULL,
  `createdAt` datetime(6) NOT NULL DEFAULT current_timestamp(6)
) ENGINE=InnoDB DEFAULT CHARSET=utf8;

--
-- Dumping data for table `sales`
--

INSERT INTO `sales` (`id`, `ordersId`, `productsId`, `createdAt`) VALUES
(1, 1, 5, '2022-01-01 00:00:00.000000'),
(2, 1, 10, '2022-01-01 00:00:00.000000'),
(3, 1, 15, '2022-01-01 00:00:00.000000'),
(4, 2, 2, '2022-01-13 00:00:00.000000'),
(5, 3, 5, '2022-01-14 00:00:00.000000'),
(6, 3, 18, '2022-01-14 00:00:00.000000'),
(7, 4, 1, '2022-01-20 00:00:00.000000'),
(8, 4, 25, '2022-01-20 00:00:00.000000'),
(9, 4, 14, '2022-01-20 00:00:00.000000'),
(10, 5, 5, '2022-01-26 00:00:00.000000'),
(11, 5, 25, '2022-01-26 00:00:00.000000'),
(12, 6, 2, '2022-01-31 00:00:00.000000'),
(13, 7, 17, '2022-02-02 00:00:00.000000'),
(14, 7, 25, '2022-02-02 00:00:00.000000'),
(15, 8, 9, '2022-02-05 00:00:00.000000'),
(16, 8, 26, '2022-02-05 00:00:00.000000'),
(17, 9, 18, '2022-02-06 00:00:00.000000'),
(18, 9, 27, '2022-02-06 00:00:00.000000'),
(19, 10, 2, '2022-02-12 00:00:00.000000'),
(20, 10, 14, '2022-02-12 00:00:00.000000'),
(21, 10, 18, '2022-02-12 00:00:00.000000'),
(22, 10, 26, '2022-02-12 00:00:00.000000'),
(23, 11, 9, '2022-02-14 00:00:00.000000'),
(24, 12, 5, '2022-02-17 00:00:00.000000'),
(25, 12, 14, '2022-02-17 00:00:00.000000'),
(26, 13, 1, '2022-02-19 00:00:00.000000'),
(27, 13, 15, '2022-02-19 00:00:00.000000'),
(28, 13, 18, '2022-02-19 00:00:00.000000'),
(29, 14, 2, '2022-02-22 00:00:00.000000'),
(30, 15, 17, '2022-02-24 00:00:00.000000'),
(31, 15, 18, '2022-02-24 00:00:00.000000'),
(32, 16, 9, '2022-02-28 00:00:00.000000'),
(33, 17, 5, '2022-03-03 00:00:00.000000'),
(34, 17, 14, '2022-03-03 00:00:00.000000'),
(35, 18, 25, '2022-03-05 00:00:00.000000'),
(36, 18, 27, '2022-03-05 00:00:00.000000'),
(37, 19, 18, '2022-03-09 00:00:00.000000'),
(38, 20, 1, '2022-03-10 00:00:00.000000'),
(39, 20, 27, '2022-03-10 00:00:00.000000'),
(40, 21, 10, '2022-03-15 00:00:00.000000'),
(41, 22, 18, '2022-03-16 00:00:00.000000'),
(42, 22, 27, '2022-03-16 00:00:00.000000'),
(43, 23, 2, '2022-03-17 00:00:00.000000'),
(44, 23, 14, '2022-03-17 00:00:00.000000'),
(45, 23, 25, '2022-03-17 00:00:00.000000'),
(46, 23, 26, '2022-03-17 00:00:00.000000'),
(47, 24, 9, '2022-03-19 00:00:00.000000'),
(48, 24, 10, '2022-03-19 00:00:00.000000'),
(49, 25, 26, '2022-03-21 00:00:00.000000'),
(50, 26, 10, '2022-03-23 00:00:00.000000'),
(51, 26, 15, '2022-03-23 00:00:00.000000'),
(52, 27, 2, '2022-03-30 00:00:00.000000'),
(53, 28, 5, '2022-03-31 00:00:00.000000'),
(54, 29, 18, '2022-04-04 00:00:00.000000'),
(55, 29, 27, '2022-04-04 00:00:00.000000'),
(56, 30, 25, '2022-04-10 00:00:00.000000'),
(57, 30, 14, '2022-04-10 00:00:00.000000'),
(58, 30, 5, '2022-04-10 00:00:00.000000'),
(59, 31, 25, '2022-04-16 00:00:00.000000'),
(60, 31, 2, '2022-04-16 00:00:00.000000'),
(61, 32, 17, '2022-04-22 00:00:00.000000'),
(62, 33, 25, '2022-04-23 00:00:00.000000'),
(63, 33, 9, '2022-04-23 00:00:00.000000'),
(64, 33, 26, '2022-04-23 00:00:00.000000'),
(65, 34, 18, '2022-04-26 00:00:00.000000'),
(66, 35, 27, '2022-04-30 00:00:00.000000'),
(67, 35, 2, '2022-04-30 00:00:00.000000'),
(68, 35, 14, '2022-04-30 00:00:00.000000'),
(69, 36, 18, '2022-05-02 00:00:00.000000'),
(70, 36, 26, '2022-05-02 00:00:00.000000'),
(71, 36, 9, '2022-05-02 00:00:00.000000'),
(72, 37, 5, '2022-05-07 00:00:00.000000'),
(73, 37, 14, '2022-05-07 00:00:00.000000'),
(74, 38, 1, '2022-05-09 00:00:00.000000'),
(75, 39, 15, '2022-05-12 00:00:00.000000'),
(76, 39, 18, '2022-05-12 00:00:00.000000'),
(77, 40, 2, '2022-05-13 00:00:00.000000'),
(78, 41, 17, '2022-05-14 00:00:00.000000'),
(79, 41, 18, '2022-05-14 00:00:00.000000'),
(80, 42, 9, '2022-05-18 00:00:00.000000'),
(81, 43, 5, '2022-05-23 00:00:00.000000'),
(82, 43, 14, '2022-05-23 00:00:00.000000'),
(83, 43, 25, '2022-05-23 00:00:00.000000'),
(84, 44, 27, '2022-05-25 00:00:00.000000'),
(85, 44, 18, '2022-05-25 00:00:00.000000'),
(86, 45, 1, '2022-05-31 00:00:00.000000'),
(87, 45, 27, '2022-05-31 00:00:00.000000'),
(88, 46, 10, '2022-06-05 00:00:00.000000'),
(89, 46, 18, '2022-06-05 00:00:00.000000'),
(90, 46, 27, '2022-06-05 00:00:00.000000'),
(91, 47, 2, '2022-06-07 00:00:00.000000'),
(92, 47, 14, '2022-06-07 00:00:00.000000'),
(93, 48, 25, '2022-06-10 00:00:00.000000'),
(94, 49, 26, '2022-06-17 00:00:00.000000'),
(95, 49, 9, '2022-06-17 00:00:00.000000'),
(96, 50, 10, '2022-06-19 00:00:00.000000'),
(97, 50, 27, '2022-06-19 00:00:00.000000'),
(98, 51, 10, '2022-06-20 00:00:00.000000'),
(99, 51, 18, '2022-06-20 00:00:00.000000'),
(100, 51, 27, '2022-06-20 00:00:00.000000'),
(101, 52, 2, '2022-06-21 00:00:00.000000'),
(102, 53, 14, '2022-06-23 00:00:00.000000'),
(103, 53, 25, '2022-06-23 00:00:00.000000'),
(104, 54, 26, '2022-06-27 00:00:00.000000'),
(105, 55, 9, '2022-06-30 00:00:00.000000'),
(106, 55, 10, '2022-06-30 00:00:00.000000');

-- --------------------------------------------------------

--
-- Table structure for table `users`
--

CREATE TABLE `users` (
  `id` int(11) NOT NULL,
  `email` varchar(128) NOT NULL,
  `name` varchar(20) NOT NULL,
  `gender` varchar(10) NOT NULL DEFAULT 'mbti'
) ENGINE=InnoDB DEFAULT CHARSET=utf8;

--
-- Dumping data for table `users`
--

INSERT INTO `users` (`id`, `email`, `name`, `gender`) VALUES
(1, 'james@test.com', '제임스', 'male'),
(2, 'kadin@test.com', '카딘', 'male'),
(3, 'rachael@test.com', '레이첼', 'female'),
(4, 'tanner@test.com', '태너', 'male'),
(5, 'yasmin@test.com', '야스민', 'female'),
(6, 'sally@test.com', '샐리', 'female'),
(7, 'gabriel@test.com', '가브리엘', 'male'),
(8, 'nadia@test.com', '나디아', 'female'),
(9, 'pablo@test.com', '파블로', 'male'),
(10, 'vanessa@test.com', '바네사', 'female');

--
-- Indexes for dumped tables
--

--
-- Indexes for table `orders`
--
ALTER TABLE `orders`
  ADD PRIMARY KEY (`id`),
  ADD KEY `FK_151b79a83ba240b0cb31b2302d1` (`userId`);

--
-- Indexes for table `products`
--
ALTER TABLE `products`
  ADD PRIMARY KEY (`id`),
  ADD UNIQUE KEY `IDX_4c9fb58de893725258746385e1` (`name`);

--
-- Indexes for table `sales`
--
ALTER TABLE `sales`
  ADD PRIMARY KEY (`id`),
  ADD KEY `FK_2fa35c7d2e7bdade14218e43b2d` (`productsId`),
  ADD KEY `FK_bc39ac1faeafa425412a60371a2` (`ordersId`);

--
-- Indexes for table `users`
--
ALTER TABLE `users`
  ADD PRIMARY KEY (`id`),
  ADD UNIQUE KEY `IDX_97672ac88f789774dd47f7c8be` (`email`),
  ADD UNIQUE KEY `IDX_51b8b26ac168fbe7d6f5653e6c` (`name`);

--
-- AUTO_INCREMENT for dumped tables
--

--
-- AUTO_INCREMENT for table `orders`
--
ALTER TABLE `orders`
  MODIFY `id` int(11) NOT NULL AUTO_INCREMENT, AUTO_INCREMENT=56;

--
-- AUTO_INCREMENT for table `products`
--
ALTER TABLE `products`
  MODIFY `id` int(11) NOT NULL AUTO_INCREMENT, AUTO_INCREMENT=29;

--
-- AUTO_INCREMENT for table `sales`
--
ALTER TABLE `sales`
  MODIFY `id` int(11) NOT NULL AUTO_INCREMENT, AUTO_INCREMENT=107;

--
-- AUTO_INCREMENT for table `users`
--
ALTER TABLE `users`
  MODIFY `id` int(11) NOT NULL AUTO_INCREMENT, AUTO_INCREMENT=11;

--
-- Constraints for dumped tables
--

--
-- Constraints for table `orders`
--
ALTER TABLE `orders`
  ADD CONSTRAINT `FK_151b79a83ba240b0cb31b2302d1` FOREIGN KEY (`userId`) REFERENCES `users` (`id`) ON DELETE NO ACTION ON UPDATE NO ACTION;

--
-- Constraints for table `sales`
--
ALTER TABLE `sales`
  ADD CONSTRAINT `FK_2fa35c7d2e7bdade14218e43b2d` FOREIGN KEY (`productsId`) REFERENCES `products` (`id`) ON DELETE NO ACTION ON UPDATE NO ACTION,
  ADD CONSTRAINT `FK_bc39ac1faeafa425412a60371a2` FOREIGN KEY (`ordersId`) REFERENCES `orders` (`id`) ON DELETE NO ACTION ON UPDATE NO ACTION;
COMMIT;

/*!40101 SET CHARACTER_SET_CLIENT=@OLD_CHARACTER_SET_CLIENT */;
/*!40101 SET CHARACTER_SET_RESULTS=@OLD_CHARACTER_SET_RESULTS */;
/*!40101 SET COLLATION_CONNECTION=@OLD_COLLATION_CONNECTION */;
